{
  "config": {
    "feature": {
      "config": {
        "fossil_processors": "minecraft:empty",
        "overlay_processors": "minecraft:empty",
        "max_empty_corners_allowed": 4,
        "fossil_structures": [
          "example:dungeon"
        ],
        "overlay_structures": [
          "example:dungeon"
        ]
      },
      "type": "minecraft:fossil"
    },
    "decorator": {
      "config": {
        "chance": 64
      },
      "type": "minecraft:chance"
    }
  },
  "type": "minecraft:decorated"
}